{"desktopweb":{"platform":"desktopweb","indexjl":"js","devicemessage":"This device is currently not supported","deviceexception":"Unknown Error Occurred <br/> Contact System Admin","webmanifest":"webmanifest","themecolor":"#4D148C","appleicon":"kony_48.png","enableProgressiveWeb":"true","importjsfiles":[],"javascripterrormsg":"To use this site, first enable your browser's JavaScript support and then refresh this page.","favicon":"favicon.ico","version":"1.0.0","category":"desktopweb/","bgcolor":"#4d148c","splashImage":"horizlogo359x101.png","style":"width:100%; margin: 0px; padding: 0px;","bodyalign":"left","cssLazyLoad":true,"customFontsList":["FontAwesome"],"customFontsUrlList":["url('desktopweb/FontAwesome.ttf'), url('desktopweb/FontAwesome.eot')"],"fontsObj":{"FontAwesome":"url('desktopweb/FontAwesome.ttf'), url('desktopweb/FontAwesome.eot')"},"enablexfsdw":false,"enablexfs":"false","isDebug":"true","csslist":[],"jslist":[]},"appconfig":{"buildoption":"release","applocales":"","spa":"desktopweb","appid":"FedExSTAT","devicedblookup":"false","smsecure":"","cacheId":"1569365740145","cacheUrl":"FedExSTAT/1569365740145"}}